size_sqft,bedrooms,bathrooms,age_years,garage,location,condition,has_pool,has_garden,price
1360,2,1,31.0,2.0,suburban,excellent,0,1,266060.5616067581
4272,3,3,2.0,1.0,suburban,poor,1,1,631315.780611147
3592,1,2,2.0,1.0,suburban,good,0,0,562167.0428024742
966,1,2,27.0,2.0,suburban,poor,0,1,171584.24193876734
4926,2,1,43.0,2.0,urban,fair,0,1,963414.207942137
3944,5,3,14.0,0.0,urban,poor,0,1,725226.1205151846
3671,1,2,40.0,0.0,rural,excellent,0,1,537699.6485823556
3419,1,1,22.0,1.0,suburban,good,0,0,547038.1946855326
630,3,3,39.0,2.0,urban,fair,0,1,186093.11043494818
2185,4,2,10.0,2.0,urban,good,1,1,665935.4284400336
1269,2,2,47.0,2.0,rural,good,0,0,200553.18353208998
2891,2,3,31.0,1.0,rural,fair,0,0,386428.67879591504
2933,5,3,35.0,2.0,rural,good,0,1,445323.239509695
1684,5,3,32.0,2.0,urban,good,0,1,482160.5364521433
3885,2,3,23.0,1.0,urban,poor,0,1,674257.3722568993
4617,5,1,38.0,0.0,rural,good,0,0,611868.1743606338
3404,3,3,33.0,0.0,suburban,good,0,1,562817.0652801457
974,2,2,27.0,1.0,rural,good,0,1,189550.29037796427
1582,5,2,,2.0,rural,good,0,1,274261.14245593705
3058,2,1,6.0,1.0,rural,fair,1,1,357423.192722341
2547,4,2,3.0,0.0,rural,excellent,0,0,416102.9548477498
3247,1,2,36.0,0.0,urban,poor,0,1,508223.8237118792
1475,2,3,0.0,1.0,suburban,good,1,0,337267.08171047014
2306,1,2,0.0,1.0,rural,good,0,1,308150.21434381226
689,5,1,46.0,0.0,suburban,fair,0,1,169316.32771929464
3234,1,3,19.0,1.0,suburban,excellent,1,1,711441.269027291
3505,2,3,18.0,0.0,suburban,good,0,1,591422.1201572379
2399,4,1,28.0,1.0,rural,fair,0,1,327979.27017621184
1767,5,3,9.0,1.0,urban,poor,0,1,436245.89634316694
2028,2,3,17.0,1.0,rural,poor,0,1,252862.10396602273
3702,5,1,27.0,0.0,suburban,good,0,1,598663.9910135213
4056,3,3,34.0,1.0,suburban,good,0,1,648180.9115166361
4390,1,1,42.0,0.0,urban,excellent,0,1,1024792.8713707535
1146,3,1,,0.0,rural,excellent,0,0,168368.28729653874
3388,2,2,30.0,1.0,suburban,good,0,1,581411.7235897689
2935,4,2,26.0,1.0,urban,fair,0,0,593067.8444720553
1100,5,3,10.0,0.0,suburban,excellent,0,1,348765.5869938514
2863,1,3,48.0,0.0,urban,good,0,0,574678.6524204431
2561,5,1,48.0,,urban,excellent,0,1,746364.4733912823
741,2,3,37.0,0.0,rural,good,1,1,190535.69863672534
2541,5,1,4.0,2.0,suburban,poor,0,1,407523.80513491924
3324,1,1,7.0,2.0,rural,good,0,1,458639.0989994745
3112,2,3,33.0,2.0,suburban,poor,0,0,429793.33339355583
1863,5,1,47.0,1.0,rural,excellent,0,0,309074.9357746087
1978,4,2,11.0,1.0,suburban,good,1,0,385681.60241144156
3056,2,3,37.0,0.0,rural,excellent,0,1,483523.0022654525
1275,2,2,0.0,2.0,urban,poor,1,1,362876.7741688227
4514,4,3,30.0,1.0,suburban,good,0,1,775443.351861232
534,3,1,3.0,1.0,suburban,excellent,1,0,159728.16950227568
3652,1,3,48.0,1.0,urban,poor,0,0,677918.8819434653
2455,3,2,44.0,1.0,rural,excellent,1,1,461614.99750498077
2085,5,1,49.0,1.0,suburban,fair,0,1,311437.5281861444
4443,4,3,4.0,2.0,suburban,poor,0,1,632955.6257462204
3573,3,3,29.0,2.0,rural,poor,0,1,419057.0185503056
1521,2,3,23.0,2.0,urban,poor,0,1,403299.2733108782
3961,5,2,2.0,2.0,rural,good,1,0,567925.3010017872
3113,5,2,10.0,0.0,rural,good,0,1,468984.9772645427
4343,3,3,44.0,2.0,rural,good,0,1,641147.6742473362
2000,3,1,,1.0,suburban,fair,1,0,337176.33376298664
661,4,1,25.0,2.0,urban,fair,0,1,220339.77197800583
4797,1,2,26.0,,urban,poor,1,0,775279.1514819384
2481,3,1,45.0,1.0,rural,fair,1,1,326553.23935266543
1495,3,2,42.0,2.0,suburban,excellent,0,0,362582.7609236545
3842,2,3,26.0,2.0,rural,poor,1,1,469177.2799631816
4298,5,2,41.0,2.0,suburban,poor,0,0,621524.4033044907
1775,1,2,49.0,1.0,suburban,excellent,0,1,353168.5416736207
1516,2,3,5.0,1.0,suburban,poor,0,1,212704.1984585761
837,4,1,14.0,0.0,suburban,fair,0,1,169121.39095954146
1378,4,2,29.0,1.0,urban,good,1,1,436807.963668777
1576,3,2,41.0,1.0,suburban,excellent,1,1,418059.03675666155
4493,3,3,36.0,2.0,suburban,fair,0,0,685034.8223172559
879,4,1,36.0,1.0,rural,excellent,0,0,184888.86047032132
992,3,2,41.0,2.0,rural,excellent,1,0,291612.81048054475
2562,1,3,36.0,2.0,urban,poor,0,1,507262.1060716303
4384,3,2,34.0,1.0,rural,poor,0,0,454015.3262399408
564,5,3,22.0,0.0,suburban,fair,0,1,151734.65893840813
3068,3,1,5.0,0.0,rural,excellent,1,1,520900.25209888135
2527,2,1,3.0,1.0,urban,poor,0,0,500918.28680911596
3195,1,1,17.0,0.0,rural,poor,1,0,332960.62637709704
1995,2,1,8.0,2.0,rural,excellent,1,0,383669.9228778036
891,2,2,48.0,2.0,urban,fair,0,1,234211.2936601358
4974,5,2,28.0,1.0,urban,fair,0,0,1012131.3158462129
4061,1,1,12.0,0.0,suburban,excellent,1,0,860334.1411708082
2778,1,1,46.0,0.0,rural,fair,0,1,321997.241867718
3599,1,1,16.0,2.0,suburban,poor,1,1,515466.5496908502
700,1,2,44.0,1.0,rural,excellent,1,0,167139.34559541795
3604,1,1,31.0,0.0,rural,poor,0,0,306285.30965531373
2954,5,1,47.0,1.0,suburban,good,1,0,556954.5259285446
4145,3,1,,0.0,rural,good,1,1,564219.9939839003
1304,2,3,3.0,2.0,rural,fair,1,1,257004.1882942717
3231,1,1,4.0,2.0,rural,good,0,0,421044.9073419911
3273,3,3,36.0,1.0,urban,poor,0,0,578672.9453759148
2070,3,3,40.0,,suburban,good,0,1,408169.2519049048
3190,2,1,48.0,0.0,urban,poor,0,1,556554.6371030789
4340,5,3,12.0,2.0,suburban,fair,0,0,691773.4844117166
1528,4,1,33.0,1.0,suburban,fair,1,1,355661.82869696454
1002,4,2,44.0,1.0,rural,poor,0,0,147984.55844508874
4993,3,2,21.0,1.0,suburban,good,0,0,780179.5202001281
1370,2,2,,0.0,urban,fair,0,1,299103.0251068563
4988,4,2,2.0,0.0,urban,excellent,1,1,1314533.6042830797
706,3,3,41.0,0.0,urban,fair,0,1,128195.17530931717
1984,5,1,33.0,0.0,suburban,good,0,1,409084.1282034137
1363,4,1,31.0,0.0,urban,excellent,0,1,436869.0709758962
3290,3,1,44.0,2.0,suburban,good,1,1,617496.2195369793
1063,3,2,48.0,,urban,poor,0,1,224028.5942013508
4691,1,2,20.0,0.0,urban,excellent,0,1,1103215.577785194
2257,5,1,45.0,2.0,suburban,good,1,1,451541.4858133369
2178,1,2,43.0,0.0,urban,excellent,1,0,624707.3402598918
3742,2,1,20.0,1.0,rural,good,1,1,495810.7192852199
1559,1,1,43.0,0.0,suburban,excellent,0,1,211676.30461497072
2222,1,1,10.0,0.0,suburban,good,0,1,361486.8197665722
3814,4,1,38.0,1.0,suburban,poor,1,0,523077.8187033391
3657,3,1,3.0,,rural,excellent,0,1,605872.2263927436
3125,5,1,0.0,1.0,suburban,excellent,1,1,744726.6711665232
3229,1,1,27.0,1.0,urban,excellent,0,0,834565.9520124205
2097,5,2,23.0,0.0,urban,excellent,0,1,633068.4268854156
3560,1,1,34.0,1.0,urban,poor,0,0,621780.5793083053
3193,2,1,12.0,1.0,suburban,excellent,0,0,578857.0878907207
4127,1,2,46.0,2.0,urban,fair,0,1,826239.3216881565
1863,4,2,33.0,1.0,suburban,poor,0,1,309396.9207200866
2481,3,2,10.0,1.0,urban,fair,1,1,532306.8637585836
2163,2,1,35.0,2.0,rural,excellent,0,0,323389.32646994723
2029,1,3,16.0,2.0,rural,good,0,1,307177.3889645856
2538,5,3,34.0,0.0,rural,fair,1,0,337574.70484166977
3802,2,2,17.0,2.0,rural,excellent,0,0,647426.48054887
2737,2,3,39.0,0.0,suburban,fair,0,0,393852.4528403405
1806,1,2,21.0,2.0,urban,excellent,1,1,561146.8893444396
4529,2,1,23.0,2.0,rural,excellent,0,1,709920.9483831967
3175,5,3,18.0,0.0,suburban,excellent,1,1,768970.7640295516
1782,2,1,36.0,2.0,rural,good,1,1,295753.0409850468
1209,5,3,38.0,0.0,rural,fair,1,0,203020.17785229074
4913,1,1,,2.0,suburban,poor,0,1,642919.8680311749
4248,3,3,7.0,,suburban,poor,0,1,625969.4480238365
1163,2,1,27.0,2.0,urban,poor,0,1,237613.84212997888
2498,3,1,4.0,0.0,urban,poor,0,0,475451.8586773313
3945,5,3,16.0,2.0,rural,excellent,1,1,739262.2934089393
4243,2,1,36.0,0.0,rural,fair,0,1,477818.9413493325
1995,4,1,35.0,,urban,fair,0,1,499329.10747749323
3804,3,1,18.0,1.0,urban,good,1,1,831910.0598978547
4263,2,3,26.0,1.0,suburban,fair,0,0,630755.4844916908
2353,3,3,33.0,0.0,urban,fair,0,1,455688.1635053436
1791,2,1,10.0,2.0,urban,fair,0,0,429651.91516581964
4081,1,1,44.0,0.0,rural,good,1,1,568660.5344076402
3957,3,3,46.0,0.0,urban,poor,0,1,739073.5907798248
2136,4,3,11.0,2.0,rural,fair,1,0,364765.2930679537
4196,4,1,20.0,2.0,urban,good,0,1,940512.8017559573
3499,5,1,10.0,2.0,suburban,good,1,1,658892.7706753046
3652,2,1,38.0,2.0,urban,excellent,1,0,910517.2546472778
1198,3,2,27.0,0.0,urban,good,0,1,392959.06787209
2660,5,3,4.0,0.0,urban,poor,0,0,526312.1160382322
4597,3,2,16.0,1.0,rural,fair,0,1,548489.7308548192
1354,2,3,19.0,0.0,suburban,good,1,1,343441.706669609
3974,4,3,40.0,2.0,urban,poor,0,1,714393.747077088
2207,1,3,45.0,1.0,rural,good,0,1,328598.92882134416
3277,4,3,11.0,2.0,suburban,good,0,1,620871.1259712749
2233,5,3,5.0,0.0,rural,good,0,1,369288.2513571272
4010,1,3,16.0,1.0,rural,good,0,0,533274.2350595332
702,5,3,18.0,2.0,suburban,good,0,1,202772.16326666326
3755,2,2,25.0,1.0,urban,poor,0,1,663537.9828273052
4718,1,1,47.0,1.0,rural,fair,1,0,569279.4654645079
4996,5,1,43.0,0.0,rural,fair,0,1,581056.925633554
1266,2,2,43.0,2.0,urban,fair,0,1,347084.54076777695
4889,4,2,31.0,1.0,urban,fair,1,1,961136.4150528407
2827,2,2,5.0,1.0,suburban,poor,1,0,416609.74096152355
3431,3,2,35.0,2.0,suburban,excellent,1,0,730097.6236168112
697,2,3,37.0,1.0,suburban,excellent,0,0,232151.31024376955
2430,2,1,10.0,1.0,urban,poor,0,1,447662.5367425743
4082,3,3,32.0,1.0,rural,poor,0,0,455681.41458566295
1108,5,1,23.0,2.0,rural,good,1,1,269865.0502277888
3772,5,1,22.0,2.0,suburban,good,0,0,680548.5572536417
1647,2,2,,2.0,urban,good,0,1,459216.61893745215
4782,3,3,26.0,2.0,rural,fair,0,0,568334.6152161537
3897,3,2,10.0,0.0,suburban,good,0,1,654466.4166799929
3011,4,3,49.0,1.0,rural,excellent,0,0,495510.99642194394
2294,5,1,16.0,2.0,rural,fair,0,1,320960.2185351887
1159,1,2,13.0,1.0,urban,good,0,0,280948.1681207402
3311,5,2,26.0,1.0,urban,fair,0,1,666025.1123251432
1869,5,1,17.0,0.0,rural,excellent,1,1,310204.64863294107
2486,4,1,27.0,2.0,suburban,good,1,0,464355.708550167
646,1,1,46.0,,urban,excellent,1,1,295934.1583500506
3719,4,2,,1.0,rural,excellent,1,1,604228.5010916883
3411,1,3,3.0,2.0,urban,excellent,0,0,944767.928666872
2234,2,2,6.0,1.0,urban,good,0,1,616340.4685481276
2343,1,3,44.0,1.0,urban,poor,0,0,452547.3645238699
988,4,2,34.0,0.0,rural,good,0,1,212404.99621889272
3476,5,2,47.0,0.0,suburban,excellent,0,1,725560.603569578
2459,1,1,,0.0,suburban,good,0,0,424875.2946895934
2885,1,3,7.0,1.0,suburban,excellent,0,1,597037.2697031597
3419,3,2,44.0,2.0,urban,poor,0,1,609980.583668914
2302,5,2,16.0,0.0,rural,fair,0,1,252090.57154743065
4561,2,1,,2.0,urban,poor,0,1,833803.7387901198
3869,4,1,48.0,0.0,suburban,poor,1,1,562047.7755156773
762,2,3,32.0,0.0,suburban,fair,0,1,145534.21437562373
1123,5,2,31.0,1.0,rural,good,0,0,196265.15904646638
1516,1,3,7.0,0.0,urban,fair,0,1,317402.43980944727
4143,1,2,18.0,0.0,suburban,good,0,1,678929.6065443248
2549,5,3,37.0,1.0,rural,good,0,1,422078.3810872778
4223,1,1,2.0,2.0,urban,excellent,0,1,1029860.2716223672
3608,1,2,4.0,0.0,urban,excellent,0,1,946113.7232340574
4590,1,3,12.0,1.0,suburban,fair,0,1,687779.8621635832
2556,4,1,46.0,0.0,suburban,poor,1,1,371041.46540720057
3670,4,1,45.0,1.0,urban,fair,1,0,756720.6894587677
2182,3,3,30.0,2.0,urban,good,0,1,567650.10488786
2755,2,2,15.0,,suburban,excellent,0,1,609170.8732773919
1654,5,2,49.0,1.0,urban,fair,1,0,406204.9816188322
4999,5,1,31.0,1.0,suburban,fair,0,1,777113.5374482836
3691,5,2,21.0,1.0,urban,excellent,0,1,1046311.9661339669
2196,3,2,28.0,,suburban,excellent,0,0,506421.007358545
4491,4,2,21.0,0.0,rural,excellent,1,0,696020.5904325423
2148,3,1,42.0,2.0,suburban,good,0,0,374842.6077036054
1945,5,3,2.0,1.0,suburban,excellent,0,1,537252.0897722102
4699,2,2,9.0,1.0,rural,poor,1,0,512947.77420397935
4423,1,1,41.0,2.0,urban,fair,0,0,851451.0545825787
753,4,1,20.0,1.0,rural,excellent,0,1,236107.53984943585
3683,4,3,15.0,2.0,suburban,excellent,1,0,877329.8184915174
3057,3,2,11.0,1.0,urban,good,0,0,696598.1751702899
598,4,2,1.0,0.0,rural,good,0,0,115096.25991530257
2700,5,3,40.0,0.0,urban,fair,0,1,489520.409178438
3461,5,3,23.0,1.0,urban,poor,0,1,657902.3904188471
4933,3,1,34.0,2.0,rural,fair,0,0,574682.1300903561
4277,5,1,29.0,0.0,urban,excellent,0,1,1121267.1378977036
3369,2,3,29.0,2.0,rural,poor,0,1,387989.01964208606
3734,3,2,46.0,1.0,suburban,poor,1,0,509990.75857351697
4291,2,1,34.0,2.0,urban,poor,0,0,674198.7533681748
1456,1,1,18.0,0.0,suburban,poor,0,0,164960.77210039843
4567,2,2,,2.0,suburban,fair,0,1,701864.5781016151
660,1,1,7.0,2.0,urban,good,1,1,334070.3976141751
4993,1,2,25.0,1.0,rural,good,0,0,634819.3907901051
1800,2,2,48.0,1.0,urban,excellent,0,1,531701.558243269
4487,3,2,39.0,1.0,suburban,good,0,0,762124.3447085841
2027,5,3,6.0,0.0,suburban,good,0,1,386723.1819139925
1718,5,3,29.0,0.0,rural,good,0,1,291363.5370388506
4996,1,3,6.0,1.0,urban,good,1,0,1077940.8858530459
3604,1,2,2.0,1.0,suburban,excellent,0,1,768653.6797856763
3235,3,2,0.0,0.0,suburban,fair,0,0,494812.8822946968
1454,4,3,35.0,0.0,suburban,poor,0,1,247642.84353555457
3946,2,1,24.0,0.0,rural,good,1,0,497137.63366195385
1545,1,2,36.0,0.0,suburban,fair,0,1,260964.8737094912
2193,5,1,0.0,1.0,suburban,good,0,0,476491.38763693045
3936,3,1,14.0,0.0,urban,good,0,1,797111.4438783
1062,2,2,36.0,1.0,urban,poor,0,0,209151.51896139726
2985,3,2,12.0,2.0,suburban,poor,0,1,450958.57938003424
3854,2,1,39.0,2.0,suburban,poor,0,0,525753.7490878996
725,2,1,7.0,0.0,urban,good,0,1,180002.69487371072
1459,1,3,4.0,2.0,rural,good,0,0,181487.27303657425
3567,3,3,8.0,2.0,rural,good,0,0,549460.5478599366
1315,3,2,0.0,2.0,rural,poor,0,1,214441.71749601557
3620,5,3,35.0,0.0,rural,excellent,0,0,545483.1111219841
516,5,3,34.0,0.0,rural,fair,1,0,120364.51409756162
1743,1,3,1.0,2.0,rural,excellent,1,1,430075.653970387
2705,1,3,39.0,1.0,rural,good,1,1,439747.1140429888
3024,4,1,22.0,2.0,rural,good,1,0,476607.3605442947
1569,5,2,8.0,,urban,excellent,0,1,500863.9380906785
3944,2,3,33.0,0.0,rural,good,1,1,550071.6980515003
3065,3,1,45.0,0.0,rural,fair,0,0,344392.0026092757
1560,1,1,13.0,2.0,rural,good,0,1,273077.7547984521
2827,3,1,3.0,1.0,suburban,fair,0,1,428647.25502463203
3920,3,3,29.0,,urban,excellent,0,1,997348.5761514192
801,4,3,30.0,0.0,urban,excellent,1,0,390714.8506639256
4776,5,2,37.0,2.0,urban,good,0,1,1081039.9032350492
1106,1,3,10.0,1.0,rural,fair,0,0,199622.8948778023
3670,3,3,34.0,2.0,rural,good,1,0,526683.7070324669
1199,1,1,7.0,0.0,suburban,poor,0,0,159765.3193518682
1639,2,2,2.0,1.0,urban,poor,0,1,314264.7148728687
690,4,3,13.0,,rural,poor,1,1,158221.3634833325
2800,2,3,12.0,,urban,poor,0,1,467629.33556563745
1480,1,1,44.0,1.0,suburban,good,0,1,245370.9973713511
3475,1,1,31.0,1.0,suburban,poor,0,0,406129.9072417252
1684,5,3,33.0,2.0,suburban,fair,0,0,352725.927296164
3827,3,2,44.0,0.0,urban,excellent,1,0,1035134.3811007517
3894,3,2,18.0,0.0,rural,excellent,0,0,559864.4333620509
627,2,1,37.0,0.0,rural,poor,0,1,105962.60631361102
2565,4,1,15.0,0.0,suburban,poor,0,1,417737.9630340765
2316,3,3,1.0,,rural,poor,0,0,270899.3226253378
1069,5,1,39.0,1.0,suburban,good,1,0,236616.57219326065
2395,2,3,16.0,2.0,urban,excellent,0,0,843928.6716589426
3233,2,2,33.0,0.0,suburban,poor,0,1,395104.75604073977
4363,5,2,41.0,2.0,urban,fair,0,1,900377.2369871053
4514,4,3,15.0,2.0,suburban,poor,0,1,651990.9345431662
3401,5,1,37.0,1.0,rural,excellent,1,1,635524.2514690295
2186,4,2,1.0,0.0,rural,poor,0,1,270842.9883224344
3509,5,1,1.0,1.0,suburban,excellent,0,0,715069.1797516157
654,5,2,25.0,0.0,rural,poor,0,0,87721.26008855127
3037,1,3,12.0,1.0,rural,fair,1,1,402692.6486826835
1909,2,3,46.0,2.0,rural,poor,0,1,226010.99466985324
4557,5,3,30.0,0.0,urban,fair,1,0,930132.1687244424
1284,5,2,33.0,2.0,rural,fair,0,1,211805.3625150135
3675,3,1,38.0,2.0,urban,poor,1,1,642126.0208493599
4841,2,1,2.0,1.0,suburban,fair,0,1,749523.9362861224
3306,3,1,7.0,0.0,rural,good,0,1,429975.8594377031
1037,2,2,22.0,2.0,rural,poor,0,1,135363.773344474
2341,3,2,13.0,1.0,rural,poor,0,1,278145.4246178392
2955,5,2,26.0,0.0,suburban,fair,1,0,488071.03228112677
1024,5,2,28.0,0.0,urban,fair,1,0,230731.01793217592
3450,1,2,38.0,2.0,urban,poor,0,0,611987.4072143239
4631,3,1,38.0,0.0,rural,good,0,0,551388.2183514336
4615,4,2,0.0,2.0,suburban,fair,0,1,781722.7778481513
2868,1,2,16.0,0.0,suburban,fair,1,1,470626.93382607185
4347,3,1,40.0,1.0,suburban,excellent,0,0,822063.6003560646
4995,3,2,29.0,2.0,suburban,good,0,1,827394.9668904794
3201,1,1,12.0,2.0,suburban,good,0,0,536000.9687730913
1471,5,1,20.0,0.0,urban,poor,0,0,305795.07113739866
1666,3,3,18.0,0.0,urban,good,0,0,409675.72898517724
3274,5,3,18.0,2.0,urban,poor,0,0,635008.6452173302
2482,1,3,24.0,0.0,rural,excellent,0,0,400369.06437555543
1353,5,3,21.0,1.0,suburban,good,1,1,334334.23206289136
4646,2,2,30.0,,rural,fair,0,1,530354.7519801904
4236,4,3,16.0,1.0,suburban,excellent,0,1,821791.4721994199
4269,3,1,22.0,1.0,urban,poor,0,0,752504.2584025939
1074,4,2,31.0,1.0,rural,excellent,1,0,263581.3760732667
3761,5,3,9.0,1.0,urban,poor,0,0,677504.177666157
1648,3,1,9.0,1.0,suburban,excellent,0,1,455594.45932878857
2215,5,2,35.0,0.0,suburban,poor,0,0,317888.3955294173
4354,2,2,7.0,1.0,suburban,good,0,1,703515.692840744
2991,1,3,19.0,0.0,urban,fair,0,1,625776.9834936131
3160,3,2,31.0,1.0,suburban,poor,1,1,476353.15719622234
3624,2,1,49.0,2.0,urban,excellent,1,1,1015462.3433206615
3551,2,2,13.0,,rural,poor,0,0,373361.4923906895
504,3,1,49.0,2.0,suburban,poor,0,0,119691.89737067284
1376,5,2,27.0,1.0,suburban,poor,1,0,252037.80103469375
1491,2,3,45.0,1.0,suburban,excellent,0,1,381393.89225925034
4642,4,1,23.0,1.0,rural,fair,1,0,527509.1997933702
4864,2,2,14.0,2.0,suburban,good,0,0,799583.7961106243
4965,5,2,21.0,,urban,fair,1,1,1112570.1439330678
1135,5,2,29.0,1.0,urban,poor,1,0,273247.4953915106
2193,4,1,3.0,0.0,suburban,excellent,1,1,491201.8212902452
2182,2,1,12.0,1.0,suburban,fair,0,1,340075.0438618507
619,5,1,22.0,2.0,rural,poor,0,0,96259.72219093806
1330,3,3,7.0,1.0,rural,good,1,0,203801.26137052197
4175,1,3,17.0,2.0,rural,good,0,0,564665.9264354333
1869,1,1,11.0,2.0,suburban,good,0,1,358925.7827224497
1240,1,2,30.0,2.0,rural,poor,1,1,188431.9026840579
616,2,3,13.0,1.0,rural,excellent,1,1,203091.49741590087
3338,4,1,33.0,2.0,urban,fair,1,1,731824.7345668486
1650,5,2,17.0,2.0,rural,good,0,1,323748.1953172184
2431,3,3,33.0,1.0,urban,poor,1,0,486134.07899900846
1512,3,2,10.0,2.0,urban,poor,1,0,347960.6235948772
2164,2,2,40.0,1.0,rural,fair,0,1,274439.68952641735
1581,1,2,11.0,2.0,urban,good,0,0,427739.5236305142
1012,2,2,48.0,0.0,suburban,poor,0,0,176128.645085038
3349,4,3,14.0,0.0,suburban,fair,0,1,518855.1190424322
1059,4,3,30.0,,rural,excellent,1,1,304145.2930664318
4172,5,3,48.0,0.0,suburban,excellent,0,1,866340.8679096946
3843,5,1,28.0,1.0,urban,excellent,1,1,1033769.349285091
4570,4,3,25.0,0.0,suburban,good,1,0,788612.5150163876
1970,4,2,17.0,2.0,rural,fair,0,1,264981.44468141074
1080,4,3,31.0,2.0,rural,fair,1,0,178868.513439229
2794,2,2,21.0,1.0,urban,poor,0,0,509186.48792623845
3647,4,1,37.0,2.0,rural,poor,1,1,420501.604966449
4749,3,2,16.0,1.0,suburban,poor,0,0,632334.7297829093
2179,1,2,22.0,0.0,rural,fair,1,1,288225.46849661967
4006,4,2,23.0,0.0,urban,poor,0,0,655312.3184816897
3244,1,1,49.0,1.0,rural,fair,0,1,374934.50707757036
3856,2,3,7.0,,suburban,fair,1,0,587616.2647645989
4545,1,3,40.0,2.0,urban,excellent,0,1,1269027.5063544656
1743,2,1,5.0,0.0,suburban,poor,0,1,214616.7117233609
3618,3,2,4.0,1.0,urban,excellent,0,0,959129.2493186704
2641,2,3,43.0,0.0,rural,good,1,0,350705.48188686604
3559,2,1,28.0,1.0,urban,good,0,0,769551.425761071
3459,5,3,27.0,0.0,urban,good,0,0,767529.1765200215
2765,4,1,10.0,2.0,rural,fair,0,1,363016.79885618185
2979,4,2,0.0,0.0,suburban,fair,0,1,501701.441716392
2135,3,3,42.0,0.0,rural,fair,0,0,270095.7007802352
2257,3,1,18.0,0.0,urban,poor,0,0,405651.3067132022
4952,4,3,8.0,0.0,rural,excellent,0,0,762585.813028297
2570,5,3,,0.0,urban,fair,0,1,515215.9252681445
3349,4,3,,2.0,rural,excellent,0,0,589503.5893067558
3751,5,3,43.0,1.0,rural,excellent,1,1,663921.2249617517
4230,3,1,3.0,0.0,suburban,excellent,0,1,854151.648208342
2989,1,2,35.0,2.0,urban,poor,0,0,528790.8562769284
2131,3,1,17.0,0.0,suburban,poor,0,1,301841.80814163113
3316,3,1,14.0,0.0,urban,good,0,1,652208.0813322915
1515,2,1,12.0,,rural,good,1,1,302322.4865507422
1848,2,2,18.0,0.0,urban,excellent,0,0,488705.47510050086
3587,2,3,48.0,2.0,suburban,good,0,0,639977.609110176
3339,2,3,,2.0,suburban,excellent,0,1,711920.6998720934
835,5,3,47.0,1.0,suburban,poor,0,1,192792.2376532162
1395,4,2,11.0,,urban,poor,0,1,259651.24337802795
4046,1,3,36.0,2.0,suburban,poor,0,1,569969.6281182321
1351,3,2,16.0,0.0,suburban,fair,0,1,233073.69972158252
2187,5,3,22.0,0.0,suburban,excellent,1,1,549510.8581416805
2431,1,3,25.0,0.0,rural,poor,0,0,273977.10137849784
4246,5,1,28.0,1.0,rural,excellent,0,1,658486.8390368558
2927,5,2,32.0,0.0,urban,good,1,1,685769.822506101
2068,3,1,26.0,2.0,urban,good,1,1,573195.6469623839
4500,4,1,24.0,0.0,suburban,poor,0,1,636757.3153891219
3238,2,1,9.0,2.0,rural,excellent,1,0,558775.2287617495
3998,4,2,46.0,0.0,suburban,poor,1,1,567547.2668301744
4413,3,2,22.0,2.0,suburban,good,0,1,762740.8559042456
1566,3,3,20.0,2.0,rural,poor,0,0,254827.11541932097
4880,3,1,20.0,0.0,rural,excellent,0,1,700400.0159914006
2944,1,3,42.0,0.0,rural,good,1,0,406750.9050720646
4607,4,1,12.0,,urban,fair,0,0,855601.9044219718
3873,4,2,36.0,1.0,urban,good,0,0,751078.7087490681
4469,5,2,32.0,0.0,suburban,fair,1,1,709446.475434181
3046,5,2,23.0,1.0,urban,poor,0,1,587168.3312398008
1253,5,1,43.0,0.0,rural,poor,0,1,152259.13079534975
2582,3,2,10.0,0.0,rural,excellent,0,1,435949.61020685517
3274,4,1,16.0,0.0,urban,fair,0,1,755877.3101359012
3396,3,3,3.0,0.0,suburban,poor,1,0,484123.7966872456
4685,1,1,46.0,1.0,suburban,fair,0,0,666048.357753752
1275,5,3,24.0,0.0,urban,poor,1,1,311759.8176280469
2125,3,1,29.0,2.0,suburban,good,0,0,398106.9772512181
3569,3,3,8.0,2.0,suburban,poor,0,1,523362.3917986652
917,1,2,20.0,1.0,suburban,excellent,1,1,264281.3346217297
614,2,3,19.0,0.0,rural,good,0,1,173733.56477280782
1116,4,2,18.0,,rural,excellent,0,1,305966.926939709
4474,2,2,18.0,1.0,urban,good,0,0,957063.11924857
3767,5,3,11.0,0.0,rural,fair,1,0,443105.02218361036
1325,3,1,36.0,2.0,suburban,excellent,0,1,323903.66796290746
2016,1,1,41.0,,rural,poor,0,0,273914.12923657766
3646,1,1,16.0,1.0,urban,fair,0,1,692616.7755009463
912,4,1,36.0,0.0,rural,poor,0,0,132413.77738343025
1228,2,1,47.0,,suburban,good,1,1,283958.27205857803
3848,4,2,38.0,2.0,suburban,good,0,1,689768.9174756793
3308,3,1,27.0,2.0,urban,poor,0,1,579743.1650857137
1175,4,2,40.0,2.0,rural,poor,0,0,123642.00322976855
3965,1,2,34.0,0.0,rural,fair,0,0,459557.9253059534
3004,1,2,46.0,1.0,rural,poor,1,1,325220.6847457879
3467,5,3,47.0,1.0,suburban,excellent,0,0,740201.416267957
3286,5,3,17.0,0.0,urban,excellent,1,1,915572.4081072178
1622,3,2,13.0,1.0,rural,poor,0,1,207259.43922297214
4579,2,3,34.0,2.0,suburban,excellent,0,1,949033.8859764378
2071,4,1,43.0,1.0,suburban,poor,1,1,333766.2459450632
2643,3,1,40.0,1.0,suburban,fair,0,0,367204.80094148486
2187,5,2,6.0,1.0,rural,excellent,1,1,485719.03532432695
4632,4,1,40.0,2.0,rural,excellent,1,1,765017.4301997193
4351,5,2,12.0,0.0,rural,poor,0,1,442506.1863592978
3940,4,2,17.0,,rural,excellent,0,1,676060.1255050523
4266,2,1,36.0,0.0,rural,good,1,1,562345.007416635
2826,3,3,12.0,0.0,rural,fair,0,0,358356.73175651004
3414,4,1,35.0,0.0,rural,fair,0,0,425134.05991959776
4452,1,1,30.0,1.0,rural,excellent,0,1,677478.2735020071
1095,1,2,1.0,1.0,rural,excellent,0,0,211354.9548181794
1228,4,2,15.0,0.0,suburban,good,1,1,258604.4685630072
1865,4,2,8.0,0.0,rural,good,0,1,308293.28406930953
4992,4,2,8.0,1.0,urban,excellent,0,0,1310913.6641988552
1198,1,3,37.0,2.0,suburban,excellent,0,0,292319.0018174102
895,1,3,10.0,0.0,rural,good,0,1,113687.80735682888
4671,4,3,,2.0,urban,poor,0,0,892821.6604857189
4860,5,2,32.0,1.0,rural,good,1,1,656935.6808530547
3002,5,2,35.0,0.0,urban,poor,0,1,530464.1261076652
2319,2,2,44.0,,urban,fair,1,1,551772.3923387676
1217,3,3,22.0,2.0,urban,fair,1,1,345914.3167055544
3282,5,2,44.0,2.0,urban,good,0,0,709143.1186481274
4077,1,1,44.0,,suburban,poor,0,1,468665.258015184
643,5,1,33.0,1.0,suburban,good,0,0,186579.90858716908
3640,2,2,8.0,2.0,urban,good,0,0,800337.7364556735
4991,2,1,23.0,2.0,rural,poor,1,1,604779.5857754879
3438,3,1,7.0,1.0,urban,good,1,1,770080.152440396
4136,5,3,6.0,2.0,suburban,fair,0,0,652280.8223674191
3722,1,2,35.0,2.0,rural,excellent,0,1,594084.6824557805
1667,1,2,17.0,1.0,suburban,excellent,1,1,424612.8475849856
3116,4,3,2.0,,suburban,good,1,0,607293.8998364407
1562,1,1,27.0,2.0,rural,poor,0,0,194668.77850884828
2656,3,1,5.0,2.0,urban,poor,0,1,485204.042232354
3482,3,2,43.0,1.0,urban,fair,0,1,648592.1306819284
3794,1,1,43.0,2.0,urban,poor,1,1,627799.7001304359
1656,1,3,20.0,1.0,urban,poor,0,1,272160.4859603595
1232,4,3,27.0,1.0,rural,fair,0,0,187745.7091793388
4830,1,2,39.0,0.0,rural,good,0,1,600776.4725025627
1453,4,3,0.0,0.0,rural,excellent,0,1,287046.61360848433
3039,4,3,35.0,2.0,suburban,fair,0,1,554086.9565240534
3824,1,2,20.0,1.0,rural,good,1,0,552352.7250305953
3801,2,3,42.0,0.0,urban,fair,0,0,706803.9151406981
2042,2,3,34.0,2.0,suburban,good,0,0,340482.36660424114
1691,4,3,12.0,0.0,urban,fair,0,1,386859.1507072677
3493,1,1,48.0,0.0,urban,good,0,1,678541.9656372346
3181,2,2,9.0,1.0,rural,fair,0,1,387313.884814794
1717,1,2,43.0,1.0,rural,good,0,0,220094.74630644216
2040,1,2,46.0,0.0,urban,fair,0,0,354973.45236005925
3736,1,1,9.0,0.0,urban,excellent,0,1,911513.852375985
2886,5,1,45.0,1.0,suburban,excellent,0,1,589600.52044264
4219,1,2,12.0,2.0,rural,poor,0,1,465983.7921656114
1888,5,1,36.0,1.0,suburban,good,1,0,391011.0614771458
2356,4,2,37.0,0.0,suburban,fair,1,1,380322.5826460728
1865,2,1,23.0,2.0,suburban,good,0,0,381381.959780211
999,2,3,1.0,0.0,urban,excellent,0,0,288519.0842738593
2180,2,3,21.0,2.0,suburban,good,1,1,417965.9815855399
1010,2,2,16.0,0.0,suburban,fair,0,0,184431.0079268564
4812,2,1,35.0,2.0,urban,good,1,0,1020211.0827578407
1824,2,1,13.0,2.0,rural,fair,1,1,285651.89576835965
1655,2,3,9.0,0.0,rural,excellent,0,1,241574.3442883047
2327,4,3,34.0,2.0,suburban,excellent,0,1,616588.4138933904
3641,1,1,24.0,1.0,urban,excellent,1,1,1005137.3314962909
3986,3,1,2.0,,rural,poor,0,0,382006.8502560704
2310,5,1,46.0,1.0,suburban,excellent,0,0,436964.0235415337
3423,3,1,37.0,0.0,suburban,good,0,1,605117.9771229258
2714,3,1,16.0,2.0,urban,poor,0,1,496057.7470108638
4686,1,1,11.0,2.0,suburban,excellent,0,1,902849.3454456255
1213,1,2,23.0,2.0,rural,good,1,0,169974.74974041723
4102,1,1,28.0,0.0,urban,good,1,1,859009.6499815395
4634,2,3,42.0,1.0,rural,good,0,0,601814.729243942
4022,4,2,24.0,1.0,rural,fair,0,1,516790.65089022095
4768,2,1,35.0,0.0,rural,poor,0,1,451665.69417885813
1743,4,3,25.0,0.0,suburban,good,0,1,303341.3962327817
4209,4,2,37.0,1.0,suburban,fair,0,1,658240.9911389649
1581,3,3,0.0,1.0,rural,excellent,1,1,391057.8260513395
955,3,1,19.0,1.0,rural,good,1,1,157292.34357317083
1394,4,1,27.0,1.0,urban,fair,0,1,372113.14442912093
1884,4,1,15.0,0.0,urban,good,0,0,430594.1318179861
2458,2,1,46.0,0.0,suburban,poor,0,1,342763.3281377915
3572,2,2,16.0,2.0,suburban,poor,0,0,492554.7113235772
2496,3,2,39.0,1.0,urban,excellent,0,1,583801.393461564
4785,1,3,27.0,2.0,rural,good,0,1,647752.7828244151
1004,4,1,11.0,0.0,suburban,fair,1,1,249213.88310412428
1714,2,3,26.0,0.0,rural,excellent,0,0,270996.11465038906
2031,3,2,41.0,2.0,urban,good,0,0,484264.36621260934
3940,2,1,46.0,1.0,suburban,excellent,1,1,795259.1938721648
1323,4,1,29.0,1.0,suburban,fair,0,1,168268.125243551
1428,4,2,40.0,1.0,urban,excellent,0,1,544971.0665304739
633,5,2,33.0,1.0,suburban,excellent,0,0,181690.47552370172
2605,1,2,36.0,2.0,urban,excellent,0,1,753358.418239727
4127,5,2,5.0,2.0,suburban,good,1,1,778948.9659155537
2352,3,2,6.0,0.0,urban,fair,0,0,523608.42887821357
4675,2,1,31.0,1.0,suburban,poor,1,0,626345.346938274
3433,3,2,31.0,,rural,good,0,1,469921.8174834966
3784,4,1,24.0,1.0,rural,poor,0,1,396028.5102236299
4798,5,1,32.0,2.0,rural,poor,1,1,561686.7334665371
3311,5,2,6.0,1.0,suburban,good,0,1,552446.7608813616
1750,5,2,11.0,2.0,suburban,good,0,1,411376.71260827675
4012,3,1,15.0,1.0,rural,fair,0,1,461756.6333664148
1756,4,2,15.0,1.0,rural,fair,0,0,276097.3270982635
3876,2,2,42.0,0.0,urban,excellent,0,0,959772.8185966142
3986,2,2,35.0,1.0,urban,poor,0,1,712112.6615569235
4084,3,3,12.0,1.0,urban,fair,0,1,841299.8073652476
1896,5,1,6.0,0.0,rural,excellent,0,1,296475.5396599393
4137,1,3,35.0,2.0,rural,fair,1,1,516404.2500706607
3830,3,2,46.0,2.0,rural,good,0,0,537337.3441026731
3203,3,3,8.0,1.0,urban,fair,1,1,727096.1191893306
970,4,2,31.0,2.0,suburban,poor,0,0,220343.75772733614
1853,2,3,10.0,1.0,rural,fair,0,1,277234.7305616029
3283,3,2,7.0,0.0,suburban,poor,1,1,451959.1546231362
3331,3,3,32.0,0.0,suburban,good,0,1,549768.075868381
857,5,3,22.0,1.0,suburban,poor,1,1,224510.01737255772
3519,5,3,24.0,0.0,urban,fair,0,0,633471.5532833964
1167,1,1,7.0,0.0,suburban,excellent,0,1,314103.90788242745
4968,4,3,44.0,1.0,rural,good,0,0,673161.9216730614
1645,1,1,21.0,1.0,urban,fair,0,1,389681.4143564154
4685,5,2,3.0,0.0,rural,good,1,1,623065.5054205799
4219,2,3,39.0,2.0,rural,good,0,1,616549.5638485261
3245,5,2,2.0,2.0,urban,fair,1,1,839703.111777074
1039,4,2,28.0,1.0,rural,fair,1,0,160001.02752384995
3279,5,3,40.0,1.0,rural,excellent,0,1,599992.3716932285
4636,4,1,28.0,2.0,urban,good,0,0,1009363.2878428046
4275,4,3,33.0,0.0,rural,good,1,1,566733.5876420422
3008,4,2,33.0,2.0,suburban,fair,1,0,530537.8672400005
3279,4,2,27.0,2.0,rural,poor,0,0,392549.18153287715
1424,4,3,12.0,2.0,suburban,fair,0,1,296609.58307794115
3456,2,1,14.0,2.0,rural,good,0,1,509101.99648612534
2081,1,1,22.0,1.0,urban,fair,0,0,346492.1044216992
3824,3,2,43.0,1.0,urban,excellent,0,0,916121.4123461568
4985,1,2,25.0,0.0,rural,poor,1,1,527582.6699953041
755,4,1,3.0,0.0,urban,fair,0,0,195988.52325682674
2338,2,3,25.0,0.0,rural,excellent,0,0,366434.68353338575
2444,5,2,39.0,0.0,urban,good,0,1,606304.1830029036
509,2,1,8.0,2.0,suburban,fair,0,0,146949.14648383064
3371,4,2,4.0,1.0,rural,good,0,1,507515.33770241635
1297,2,3,31.0,1.0,suburban,excellent,0,1,330427.0883273184
1515,2,1,,0.0,suburban,good,0,1,285827.40803935024
2324,4,2,49.0,0.0,rural,excellent,0,1,379901.2712727362
4969,2,3,10.0,2.0,suburban,excellent,0,1,1106357.4728431173
3636,3,2,14.0,2.0,rural,excellent,1,0,618262.6818204868
2693,3,3,31.0,0.0,suburban,fair,0,0,473948.0305953744
723,2,3,27.0,1.0,rural,good,0,1,156797.3107301458
4658,5,1,21.0,1.0,rural,good,0,0,585547.7386503502
4425,4,3,40.0,1.0,urban,poor,1,1,868184.0757352444
4500,3,2,16.0,0.0,rural,poor,0,1,477297.3066571833
2133,5,3,25.0,1.0,rural,poor,0,0,286709.5826889006
2652,2,3,43.0,2.0,suburban,poor,1,1,450412.5420450223
1010,5,1,6.0,2.0,rural,good,0,1,222910.93329948062
884,1,3,41.0,0.0,urban,excellent,0,1,256359.12846276027
904,3,3,25.0,,suburban,excellent,0,1,338845.681596093
2500,2,2,24.0,0.0,suburban,fair,0,1,385220.3987012741
3256,4,1,9.0,1.0,urban,excellent,0,1,927382.145910874
2168,2,1,44.0,1.0,suburban,good,1,1,338588.08278625616
1960,4,1,18.0,1.0,suburban,good,0,1,388409.45151029556
4136,2,3,10.0,2.0,suburban,good,1,0,731242.4252456491
3224,5,1,12.0,0.0,suburban,fair,0,0,532979.3602038204
4678,5,3,7.0,1.0,urban,poor,1,1,911968.3252541397
2548,5,3,39.0,0.0,urban,excellent,0,0,725237.3425057471
4646,1,2,,1.0,suburban,good,0,0,769989.2998005067
1216,4,2,46.0,2.0,suburban,good,0,1,254446.77441369844
2323,5,2,30.0,2.0,urban,poor,1,0,553433.6087444754
2581,1,2,27.0,0.0,urban,good,0,1,634908.4463182593
3919,4,2,10.0,2.0,urban,excellent,0,1,1122634.3522936564
2074,2,3,42.0,2.0,suburban,fair,0,1,412030.89635148825
749,1,3,0.0,0.0,suburban,good,0,1,165275.554039824
1173,3,1,48.0,1.0,rural,excellent,0,0,185315.12929272058
2665,1,3,46.0,2.0,urban,good,0,1,634371.065200428
1270,1,3,37.0,0.0,suburban,poor,0,1,204038.58492082957
4462,4,2,23.0,2.0,urban,good,0,1,1002274.5194315183
4863,2,3,46.0,2.0,suburban,good,0,1,842583.0457110545
2484,3,2,30.0,2.0,urban,fair,0,0,546146.2708207768
1577,5,1,40.0,2.0,suburban,poor,1,1,269280.6373930147
735,5,1,45.0,0.0,rural,poor,0,0,107720.82593507307
888,1,3,49.0,,rural,fair,0,1,147316.21003846487
3537,4,1,25.0,0.0,urban,good,0,1,771152.3033860252
2348,4,3,48.0,2.0,suburban,excellent,1,0,621335.331717421
3314,5,1,49.0,2.0,suburban,poor,1,0,456862.30895607313
3874,3,2,4.0,2.0,urban,poor,1,0,752064.0531705138
3778,2,2,19.0,0.0,suburban,good,0,1,587091.5788080967
1752,3,2,40.0,2.0,urban,good,0,1,421690.82702890964
4481,2,2,10.0,1.0,suburban,poor,0,0,574577.6599902931
2622,5,3,32.0,2.0,urban,good,0,1,648749.6528406044
2650,2,1,49.0,1.0,suburban,excellent,0,0,493872.150525319
1829,4,3,37.0,2.0,urban,poor,1,1,436202.51030581095
1858,1,2,26.0,0.0,suburban,excellent,1,0,432977.5615079298
2982,1,3,33.0,2.0,rural,excellent,1,1,538718.6196852758
2517,5,1,14.0,1.0,suburban,good,0,1,422981.22879691224
1831,4,3,31.0,1.0,urban,excellent,0,1,644829.1752159734
4844,3,1,20.0,,rural,good,0,1,633189.8367932391
4761,4,3,45.0,1.0,suburban,fair,0,1,728899.548468175
1858,1,1,4.0,1.0,rural,good,1,1,304076.8761665771
3677,1,1,5.0,0.0,suburban,excellent,0,1,714045.9750625002
2628,4,2,37.0,2.0,rural,fair,0,1,384138.27822646394
2680,4,1,21.0,2.0,urban,good,0,1,670631.1225923176
637,1,2,17.0,2.0,suburban,excellent,0,0,169452.85513090412
3972,3,2,13.0,1.0,suburban,poor,1,1,623725.4921757999
3332,5,2,9.0,2.0,urban,poor,0,0,645975.2040561531
4079,5,3,45.0,2.0,rural,good,1,1,611943.8345610838
3531,4,3,12.0,0.0,urban,good,0,1,848338.0914991673
4664,5,3,30.0,0.0,urban,poor,0,1,834166.8695130183
3093,1,3,29.0,0.0,rural,excellent,1,0,524569.7719566525
4800,1,1,2.0,1.0,urban,excellent,0,0,1308474.2111345122
4318,4,1,29.0,2.0,suburban,excellent,1,1,917935.6285828183
4638,4,3,5.0,0.0,suburban,good,0,1,783667.1731794782
4323,4,1,28.0,0.0,suburban,fair,0,0,623652.6198243366
4542,3,1,7.0,0.0,urban,fair,0,1,900836.2093388945
2406,5,2,43.0,2.0,suburban,fair,1,1,413283.5811848592
1260,4,2,44.0,2.0,suburban,fair,0,1,209729.99093013434
3945,2,2,42.0,2.0,suburban,fair,1,0,605822.887693256
1399,2,2,43.0,1.0,suburban,good,0,1,224332.3112282214
4955,1,1,32.0,1.0,suburban,good,0,0,759505.0595742308
3447,5,3,,,suburban,fair,0,1,570712.4917954908
2219,4,1,47.0,2.0,urban,good,0,0,490915.7943214617
780,2,1,10.0,,suburban,good,0,0,104195.20269655972
3766,5,1,12.0,2.0,suburban,fair,1,0,626382.1033663144
2387,1,2,49.0,2.0,rural,excellent,0,0,421849.25235691696
3766,3,2,10.0,2.0,urban,good,0,1,811266.0358978522
1166,5,2,30.0,1.0,urban,excellent,0,0,443830.8762407201
4688,5,3,27.0,1.0,urban,good,0,0,1077984.9419457947
1171,3,1,43.0,2.0,urban,good,0,1,367604.31898410845
2469,5,3,5.0,0.0,suburban,fair,0,0,449463.9658015356
4656,1,2,40.0,2.0,suburban,good,0,0,824460.4177397885
3622,1,3,15.0,,rural,poor,0,1,406475.03266651416
4400,3,1,3.0,0.0,rural,poor,0,1,461943.774337495
1023,4,1,34.0,2.0,urban,fair,0,1,273729.5109929943
2893,2,2,47.0,0.0,rural,excellent,0,1,456488.93312896736
3617,4,2,25.0,1.0,rural,excellent,0,1,653794.7526423257
3093,5,3,11.0,,urban,excellent,0,0,831635.3221520449
2468,2,2,10.0,0.0,urban,poor,1,1,451743.2502284341
2253,3,2,36.0,1.0,rural,excellent,1,1,466814.8109713314
2796,3,1,24.0,1.0,suburban,excellent,1,1,657601.3142484751
2761,2,2,17.0,0.0,rural,fair,0,1,331024.35642875114
2786,1,2,18.0,1.0,rural,excellent,1,0,503550.77763227676
4702,2,1,22.0,2.0,suburban,poor,1,1,659629.1802198088
3378,5,1,37.0,2.0,suburban,poor,1,1,546566.5906160238
4643,1,3,17.0,0.0,urban,poor,0,1,790592.6993273953
4144,3,2,25.0,1.0,urban,fair,0,0,842246.6871969276
4932,2,1,5.0,2.0,rural,fair,1,0,663523.4572666406
2555,4,3,3.0,,suburban,good,0,0,524692.974651424
1776,4,3,43.0,1.0,urban,excellent,0,1,571552.5581591986
3266,5,2,28.0,1.0,rural,fair,0,0,430252.8548807732
802,4,2,33.0,2.0,suburban,poor,0,0,162273.25940310676
1138,2,3,16.0,2.0,rural,poor,0,1,226776.9799460749
555,2,1,42.0,0.0,urban,fair,0,0,120102.99342312894
1025,4,3,42.0,0.0,urban,fair,0,1,262737.5404600845
4623,2,2,15.0,2.0,suburban,fair,0,0,675791.396864459
2625,5,1,1.0,0.0,rural,good,0,1,404933.28459855454
3787,1,1,33.0,2.0,suburban,poor,0,1,526052.4979078657
864,5,3,7.0,2.0,urban,good,0,1,339533.1795148504
2146,5,2,12.0,0.0,urban,good,0,1,556651.6024597745
1418,2,3,41.0,0.0,rural,excellent,1,0,232265.58811546973
3297,1,3,7.0,1.0,rural,poor,0,0,365823.4350414046
2031,2,3,29.0,1.0,rural,poor,0,0,248788.92195987256
3845,3,1,31.0,1.0,suburban,fair,0,1,623222.9048580991
2406,2,1,35.0,2.0,rural,fair,1,1,316998.3138610603
3586,2,2,46.0,0.0,rural,excellent,0,1,519887.44429049303
2575,2,2,29.0,2.0,urban,good,0,1,584853.3095239234
1213,1,3,0.0,0.0,urban,fair,0,0,230317.94563894632
1562,2,3,42.0,2.0,rural,fair,0,1,268847.79892759403
2476,1,3,38.0,1.0,rural,poor,1,1,332069.8744644616
1796,4,2,16.0,1.0,urban,poor,1,0,406646.75723200355
625,3,1,19.0,1.0,rural,fair,0,1,144639.97082679922
4096,1,1,23.0,2.0,suburban,poor,0,0,537535.0011339256
3783,4,3,49.0,0.0,suburban,excellent,0,1,768115.9806827724
2103,1,3,21.0,0.0,suburban,fair,0,1,328462.98428554845
566,1,3,28.0,1.0,rural,poor,0,0,87416.49296555074
732,3,3,21.0,1.0,urban,excellent,0,1,254070.88716473733
2656,5,2,,1.0,rural,poor,0,0,310289.69146126095
1669,5,1,,1.0,rural,poor,0,1,220889.58892389038
2658,1,3,36.0,0.0,urban,poor,1,1,523183.2545912298
4706,2,2,9.0,2.0,urban,fair,0,0,929220.6747249953
1993,4,3,35.0,2.0,urban,good,1,1,580539.5556388055
4507,2,3,36.0,2.0,suburban,poor,1,1,625531.3672798169
2972,2,1,27.0,2.0,rural,excellent,0,0,489086.01322046673
3160,1,3,27.0,1.0,urban,fair,1,0,687547.1268016474
3239,1,1,41.0,1.0,rural,fair,0,1,353555.87779258867
2261,1,1,42.0,1.0,suburban,excellent,0,1,456929.0551325066
4014,1,1,20.0,2.0,suburban,poor,0,0,531273.0308367077
2475,5,2,23.0,1.0,urban,good,1,0,608670.4734388877
2862,1,2,41.0,1.0,urban,poor,0,0,469210.8832868704
1376,5,1,39.0,0.0,rural,excellent,0,1,262865.59244446695
4312,5,3,1.0,0.0,urban,fair,1,0,862637.922257929
3948,1,1,7.0,1.0,rural,good,0,0,515358.1691659854
1812,3,3,47.0,0.0,urban,fair,0,1,364384.0614845622
1960,4,1,26.0,0.0,rural,excellent,1,1,396370.1863593566
3209,2,3,21.0,,rural,poor,1,0,419830.2927114554
2824,5,2,36.0,1.0,rural,good,1,1,419821.8367591564
2233,4,3,26.0,1.0,rural,fair,1,1,351342.889827293
2105,3,1,28.0,1.0,suburban,fair,0,0,310452.96856818546
3063,2,2,2.0,2.0,rural,fair,1,0,438968.6101540323
3921,2,3,43.0,2.0,urban,poor,0,1,674639.9376365414
4017,5,3,12.0,1.0,suburban,good,0,0,725967.6027528314
2897,1,3,44.0,0.0,suburban,poor,0,1,365088.26479465555
4235,3,3,9.0,1.0,rural,poor,0,1,470105.89588931133
3370,5,3,35.0,1.0,suburban,poor,1,0,481655.39339646464
1660,3,2,8.0,0.0,rural,excellent,1,0,345283.69356179767
742,1,2,26.0,2.0,urban,excellent,0,1,262377.3194122273
3090,1,2,33.0,1.0,rural,excellent,0,1,517016.57066875667
1563,5,2,0.0,1.0,suburban,good,0,1,339127.05915213004
4824,1,1,31.0,2.0,urban,poor,1,1,847252.4619998755
3095,4,2,24.0,2.0,rural,poor,1,0,381876.9134220825
1419,2,3,28.0,0.0,urban,excellent,0,1,399352.60536636587
505,5,3,6.0,2.0,urban,poor,0,1,238223.45394247572
967,3,2,48.0,2.0,suburban,poor,0,1,225568.02954450587
4670,4,3,2.0,2.0,urban,fair,0,0,937353.8730172717
503,5,2,19.0,0.0,suburban,poor,1,0,168883.44343857229
1145,1,3,19.0,,urban,fair,0,1,371115.72693542123
617,1,1,29.0,2.0,rural,poor,0,1,85481.82421066157
3428,1,1,34.0,0.0,urban,good,0,0,622112.8704014685
3051,1,2,34.0,2.0,rural,excellent,0,0,508520.47392494685
4789,3,2,48.0,2.0,rural,fair,1,1,592507.9975082356
1346,4,2,38.0,0.0,urban,excellent,0,1,505374.6306568285
3262,2,3,26.0,1.0,rural,fair,0,0,404887.84287479636
1641,3,2,25.0,0.0,urban,fair,0,0,315413.3007779653
2310,3,1,13.0,2.0,urban,fair,0,0,456984.70116348896
1223,2,3,16.0,2.0,rural,good,0,1,262517.7190181799
724,2,2,17.0,2.0,rural,poor,1,1,139497.26769758362
4708,1,3,44.0,0.0,suburban,fair,0,1,679963.3775854316
2548,3,3,28.0,2.0,rural,good,0,1,421499.2658826996
4915,5,2,19.0,2.0,suburban,fair,0,0,749900.0244978677
2073,2,3,26.0,0.0,rural,poor,0,1,241006.16648818893
2328,2,1,17.0,1.0,urban,fair,0,1,479937.4488152296
2417,4,1,3.0,,rural,good,0,0,365239.7882763862
4734,5,3,0.0,2.0,urban,poor,1,0,928535.2232679222
2526,5,2,49.0,0.0,urban,good,1,1,614635.5644810617
4244,2,3,0.0,2.0,urban,poor,0,1,788849.8507186915
1401,1,1,25.0,0.0,suburban,poor,0,0,169197.3037234363
2539,4,3,44.0,0.0,rural,excellent,0,1,397940.76268072
509,5,3,19.0,1.0,urban,excellent,0,1,319141.7201262324
760,2,1,22.0,1.0,urban,excellent,1,0,381834.5744069876
2173,5,3,9.0,0.0,suburban,poor,0,0,311950.7406234145
2719,4,3,10.0,2.0,rural,fair,0,0,363354.55827258166
2560,4,2,40.0,1.0,rural,good,1,1,378302.5334805502
4213,3,2,40.0,2.0,suburban,good,1,0,763687.7533616937
2119,2,1,4.0,1.0,suburban,good,0,0,384304.5636258932
820,4,1,0.0,1.0,rural,excellent,0,1,199914.11445840608
1842,3,1,16.0,2.0,suburban,poor,0,1,272607.5425206648
2876,3,2,21.0,1.0,rural,excellent,0,0,483524.4515992298
3332,5,1,33.0,1.0,rural,fair,1,1,407780.1620495466
3324,5,1,44.0,2.0,urban,poor,1,1,656138.9088859538
2494,3,1,40.0,1.0,urban,good,1,1,637319.4510574295
3458,5,2,28.0,1.0,rural,excellent,0,1,558877.46486495
2538,4,3,3.0,1.0,rural,excellent,1,0,449495.4736273057
3990,1,1,4.0,2.0,rural,fair,0,1,521195.85846060904
4177,4,3,10.0,0.0,rural,fair,0,1,506301.991786701
1618,3,1,20.0,2.0,rural,excellent,0,1,352107.2979631821
2104,3,3,34.0,0.0,rural,fair,0,1,276465.6504317269
4527,4,2,11.0,1.0,suburban,good,1,1,803691.3554917602
735,5,2,25.0,0.0,rural,fair,0,0,137449.71430912754
2469,5,1,18.0,2.0,suburban,fair,0,1,409347.0308678461
4929,3,3,44.0,2.0,suburban,excellent,0,1,1021589.8971658432
2408,2,2,6.0,1.0,rural,excellent,0,1,414485.1048530661
875,5,1,46.0,0.0,rural,poor,0,0,85526.5258866234
4030,4,1,6.0,1.0,suburban,poor,0,1,561299.5697934336
3135,5,2,25.0,1.0,suburban,excellent,1,1,713820.918952395
2070,4,2,39.0,2.0,rural,fair,0,0,285328.2637055943
3060,3,1,4.0,0.0,rural,fair,0,1,346100.5236222542
3891,5,3,20.0,0.0,suburban,poor,0,1,585113.6088263073
3465,4,3,13.0,0.0,suburban,poor,1,1,535641.1404732668
4143,3,3,3.0,0.0,suburban,poor,0,1,591099.7412201276
4350,2,1,,1.0,urban,good,0,1,913037.6566047744
1372,4,2,41.0,1.0,suburban,good,0,0,223424.5133148974
1752,2,1,19.0,2.0,urban,poor,0,1,417963.0223336728
1814,2,2,14.0,1.0,rural,fair,0,1,250752.29382707324
3398,1,3,49.0,1.0,rural,poor,1,1,372951.043916415
577,5,3,44.0,2.0,suburban,good,0,1,227054.04723449342
3121,4,2,28.0,2.0,rural,fair,0,1,442197.80902087124
4727,2,2,7.0,2.0,rural,good,1,0,659886.786653949
1100,1,1,40.0,1.0,rural,fair,0,1,175217.22362749052
1565,3,3,47.0,,rural,good,0,0,270991.99852440483
2636,4,1,18.0,2.0,urban,fair,0,0,525457.0203221878
2949,2,1,47.0,2.0,urban,fair,0,0,554154.4672913525
2843,5,1,38.0,2.0,suburban,fair,0,1,500558.5034085538
2363,1,3,45.0,1.0,suburban,fair,0,0,293014.4607771182
1818,2,1,27.0,1.0,suburban,excellent,1,0,407659.59504606045
4097,5,1,45.0,0.0,rural,good,1,0,515300.0511610079
4262,2,1,,1.0,rural,good,0,0,533602.7087655955
2690,4,1,3.0,1.0,urban,excellent,0,1,753535.2198334332
1492,4,1,14.0,1.0,urban,fair,0,1,346381.6223354465
3212,4,1,34.0,2.0,suburban,fair,1,0,515908.94619295956
2692,1,3,36.0,1.0,urban,good,0,1,575751.3976644763
1748,4,1,0.0,2.0,urban,excellent,0,1,687893.4472871145
3554,5,2,2.0,0.0,urban,fair,1,1,834354.9163460634
4533,2,1,46.0,0.0,urban,fair,1,0,803892.9897090045
2497,3,1,23.0,2.0,urban,fair,1,1,632400.7979707553
4187,5,3,26.0,2.0,suburban,poor,0,0,590452.8282286515
2651,5,3,39.0,2.0,suburban,excellent,1,0,656430.7490399416
4518,4,2,35.0,1.0,urban,fair,1,0,910613.0840076183
3610,1,2,33.0,0.0,suburban,poor,0,1,448166.0326099049
2470,2,3,28.0,2.0,rural,excellent,0,0,471374.9474958571
697,1,3,23.0,1.0,urban,fair,0,0,201037.1172232407
3126,2,1,23.0,0.0,rural,good,1,0,406482.7658427382
1702,2,3,41.0,1.0,suburban,poor,0,1,236529.8533487887
2535,1,2,3.0,0.0,suburban,poor,0,1,325553.7196707411
977,5,1,2.0,1.0,rural,fair,0,0,130542.18950299472
1754,2,2,,0.0,suburban,fair,1,1,307770.03580720956
1422,1,1,48.0,0.0,urban,poor,0,1,201136.03352072687
919,2,3,22.0,1.0,rural,good,0,1,175106.54769955503
2704,3,2,22.0,2.0,urban,good,0,0,696413.9722908045
3097,5,1,44.0,0.0,rural,excellent,1,1,564987.8277001417
1620,4,1,4.0,2.0,suburban,fair,0,0,301528.52385922935
3568,2,3,30.0,1.0,rural,good,0,1,494069.9665725644
1450,3,3,40.0,2.0,rural,excellent,1,0,382940.387023325
2836,4,3,5.0,2.0,urban,good,0,0,732579.4886939897
2743,4,2,36.0,2.0,suburban,fair,1,0,471254.22558333393
3145,2,1,9.0,2.0,urban,excellent,0,1,802572.3521187629
2357,1,3,39.0,2.0,suburban,excellent,0,0,529039.4358539307
2365,2,2,,0.0,urban,excellent,0,1,688942.3525568779
3412,3,2,38.0,0.0,rural,good,0,0,427080.36341167253
3353,4,2,37.0,0.0,urban,fair,0,1,676477.716705345
3728,2,3,20.0,1.0,suburban,excellent,0,1,765951.361383059
4219,1,3,19.0,2.0,suburban,poor,1,1,606263.222419224
3728,2,1,2.0,,rural,fair,0,1,384167.0435566537
2871,5,1,21.0,1.0,suburban,poor,0,1,410797.24631081277
3391,1,3,46.0,0.0,urban,poor,0,0,592520.3222351314
4256,3,2,3.0,0.0,rural,excellent,1,1,694039.6063996832
4725,4,2,27.0,2.0,suburban,excellent,0,0,968190.9492557513
594,2,2,11.0,1.0,suburban,good,0,1,145921.47879924238
3174,1,1,,2.0,urban,good,0,1,712937.2253754182
2455,5,2,35.0,2.0,urban,good,0,0,603530.5952960892
1293,1,1,46.0,0.0,rural,fair,0,0,120796.38272126864
2334,5,1,40.0,2.0,suburban,good,1,1,520076.54402995383
2616,3,2,4.0,1.0,urban,poor,0,1,533798.6788222052
4606,4,2,12.0,2.0,rural,good,1,1,657402.2376657239
3825,3,3,22.0,2.0,suburban,excellent,0,1,849220.37913904
3419,2,3,49.0,2.0,suburban,good,0,1,624472.3600846115
3097,1,2,29.0,0.0,rural,fair,1,1,399109.7066762414
3705,5,1,36.0,1.0,rural,fair,0,0,411784.07264650636
1314,5,1,24.0,0.0,urban,poor,1,0,322710.124080218
845,1,1,47.0,0.0,suburban,fair,0,1,113543.12800100526
2849,1,1,26.0,0.0,suburban,good,1,1,473615.161996762
862,2,1,13.0,0.0,suburban,excellent,0,1,302323.74308136717
2943,3,3,47.0,0.0,rural,fair,0,1,372244.4650235739
2765,5,2,46.0,1.0,urban,poor,0,0,499366.7387660481
2688,2,3,35.0,2.0,suburban,good,0,1,439541.1688173228
3505,3,1,38.0,0.0,rural,poor,0,0,379803.47137177014
3781,2,1,15.0,0.0,suburban,fair,0,0,498864.3388881678
1484,5,1,21.0,1.0,urban,fair,0,1,329936.29448716744
2139,1,1,20.0,1.0,suburban,poor,0,0,276727.54482189164
1327,1,2,20.0,2.0,urban,good,1,1,463505.0598763114
3230,3,1,7.0,1.0,urban,fair,0,1,683510.7235319683
4031,4,2,48.0,2.0,suburban,excellent,0,1,841097.8496457506
4951,3,1,15.0,0.0,suburban,fair,0,0,710458.8857182482
3435,4,2,30.0,0.0,urban,good,0,0,717909.9579780269
4376,2,3,41.0,2.0,rural,fair,0,0,536464.5196946115
626,2,1,9.0,1.0,urban,poor,0,1,168064.10643707786
3677,5,2,31.0,2.0,suburban,fair,1,1,657101.7871833966
3556,4,3,33.0,1.0,suburban,fair,1,1,626323.8093058516
1103,5,1,,0.0,rural,good,0,0,193015.45717293548
3949,1,1,16.0,1.0,urban,poor,0,1,658818.7562045618
4646,4,1,10.0,2.0,urban,good,0,0,1051901.069481215
4033,3,2,31.0,2.0,urban,fair,0,0,803428.4068362731
3867,1,2,9.0,0.0,suburban,excellent,0,1,717711.0827263271
3868,1,3,21.0,1.0,urban,fair,0,1,757693.5985039262
4297,3,2,16.0,1.0,rural,good,0,0,575268.6476108239
2292,1,2,3.0,1.0,suburban,excellent,0,0,515527.7682119308
3361,4,1,47.0,0.0,suburban,good,0,1,545144.1548352854
3976,5,1,46.0,1.0,urban,good,1,0,847761.2502616554
3917,1,1,24.0,2.0,rural,poor,0,0,411041.440319299
2145,4,1,20.0,1.0,suburban,excellent,1,1,522184.41744203586
1705,2,1,36.0,0.0,suburban,fair,1,1,290992.61598037434
3530,4,1,37.0,1.0,urban,good,0,1,817174.9891222228
3372,5,1,48.0,1.0,urban,fair,0,1,716470.2057271554
3572,4,3,0.0,2.0,rural,poor,0,1,421103.15125027206
2354,3,3,24.0,1.0,urban,poor,1,0,465520.324108873
4521,5,3,35.0,,rural,excellent,1,1,777066.2771244824
3208,2,3,16.0,2.0,suburban,poor,0,1,491331.57608673145
4002,3,1,,0.0,rural,poor,0,0,428009.34608008416
1832,4,3,23.0,2.0,rural,fair,1,1,305170.23035716725
701,5,1,1.0,2.0,rural,poor,0,0,129540.53315728014
4007,2,3,39.0,0.0,suburban,poor,1,0,576442.7813655755
4712,3,2,14.0,2.0,urban,good,1,0,1098456.7562753854
1074,2,3,31.0,0.0,suburban,poor,0,1,190949.65691522532
1036,4,3,38.0,1.0,urban,good,0,1,286874.25626702467
2125,2,1,5.0,0.0,rural,poor,0,1,247431.57893016483
2622,1,3,0.0,2.0,rural,poor,0,1,304272.58226221264
885,3,2,46.0,0.0,rural,excellent,0,0,130300.21864507321
3781,2,1,22.0,,rural,excellent,1,0,624716.9785891187
974,4,1,38.0,1.0,rural,good,1,0,171620.97463723144
917,4,3,16.0,0.0,urban,poor,1,0,247418.08953518682
4100,2,1,33.0,1.0,urban,fair,0,0,714016.5446281754
1454,4,1,40.0,2.0,rural,excellent,1,1,352189.90962626896
1705,5,1,28.0,2.0,suburban,fair,1,1,383022.52995194355
4620,5,1,8.0,1.0,suburban,excellent,0,1,876695.6709309308
2490,5,1,12.0,0.0,rural,excellent,0,0,443379.58480319666
4072,1,1,5.0,0.0,urban,poor,0,1,648943.5067495652
4880,2,2,5.0,2.0,suburban,excellent,1,0,1050251.1193313801
4658,1,3,19.0,1.0,suburban,fair,0,0,685931.9446980067
3213,4,2,2.0,1.0,suburban,excellent,1,1,740175.9203069159
2703,1,1,16.0,0.0,rural,good,0,1,345517.65641389077
3620,4,1,48.0,0.0,suburban,poor,1,0,512291.1009016037
1466,4,3,11.0,0.0,suburban,poor,0,1,221769.88769939935
3932,3,2,47.0,1.0,suburban,good,0,0,664535.2101620502
1188,5,3,46.0,0.0,suburban,good,0,1,298239.9049466865
4743,4,2,44.0,0.0,urban,good,0,1,1034722.2631410761
4201,3,1,0.0,2.0,rural,excellent,1,1,796695.3287325144
841,5,3,16.0,0.0,rural,poor,0,0,126260.2221556858
2224,4,3,2.0,0.0,urban,good,0,0,580214.8880811478
4922,4,1,25.0,1.0,urban,excellent,0,1,1267682.9582660215
2292,1,3,14.0,1.0,rural,good,0,1,371041.7458324641
2259,1,2,35.0,2.0,suburban,fair,0,0,361007.39711552305
3712,5,2,31.0,0.0,suburban,fair,0,1,562197.3538897134
1489,4,2,31.0,2.0,rural,poor,1,1,257300.5863143353
2762,2,2,3.0,1.0,suburban,excellent,0,1,579663.7701953185
2982,1,1,17.0,2.0,urban,fair,1,1,592509.3258625906
1451,5,3,48.0,1.0,suburban,fair,1,1,304330.13415430667
1222,4,2,18.0,2.0,suburban,excellent,0,1,381445.1860771871
3889,4,1,42.0,2.0,suburban,good,0,1,714111.1625476128
2579,2,3,,0.0,rural,excellent,0,0,420656.5260085396
3217,5,3,39.0,2.0,urban,good,1,0,867874.685622127
2832,4,1,13.0,0.0,suburban,fair,1,0,416299.277120105
3876,1,1,32.0,0.0,rural,fair,0,1,426313.50915993337
2000,2,2,13.0,0.0,suburban,fair,1,0,328358.4718368393
785,5,3,33.0,0.0,urban,poor,0,1,216125.7458628574
3995,2,3,3.0,2.0,suburban,poor,1,0,588218.2653180048
2565,1,1,23.0,1.0,urban,poor,1,0,487736.4218706364
1268,5,3,28.0,1.0,suburban,excellent,0,1,351426.9538258624
3557,2,2,18.0,1.0,urban,fair,0,0,700503.4069120548
4789,3,3,5.0,2.0,suburban,fair,0,0,746546.6819612506
2661,1,1,32.0,0.0,urban,excellent,0,0,593382.3524978942
3793,1,1,48.0,1.0,suburban,poor,1,1,505231.99946204555
1446,1,2,39.0,2.0,suburban,excellent,0,1,345708.2569237037
3835,3,2,,0.0,rural,poor,0,1,407230.45315194153
4650,3,3,0.0,1.0,rural,fair,0,1,582086.0042621595
1981,4,3,4.0,0.0,urban,good,1,1,555646.2680839221
2401,2,1,26.0,1.0,suburban,poor,0,0,311344.91570142406
3951,4,2,15.0,1.0,urban,fair,0,0,834597.7871623915
4564,2,2,5.0,1.0,rural,fair,0,1,527051.2184092149
554,3,2,39.0,0.0,urban,good,1,0,171562.16576967406
2323,3,3,12.0,2.0,urban,fair,1,0,667893.2232102469
3962,4,2,47.0,0.0,rural,fair,0,1,449755.3867322327
3579,5,1,34.0,1.0,suburban,poor,0,1,463389.8878069658
1332,4,1,18.0,0.0,urban,poor,0,0,278547.674444038
4908,2,3,11.0,2.0,rural,good,0,0,618709.1235094271
3306,4,3,15.0,0.0,suburban,good,0,1,581341.7827008269
2990,1,2,42.0,,rural,fair,1,1,444149.8183816522
827,2,3,9.0,2.0,urban,poor,0,1,200929.99922881392
3810,2,1,24.0,0.0,suburban,good,1,1,580041.0654278386
3800,5,2,19.0,1.0,suburban,good,0,1,630524.5639412691
4175,3,1,30.0,2.0,rural,excellent,1,1,737472.7555683932
3554,2,2,3.0,0.0,rural,good,1,1,528274.6412796596
2643,3,3,43.0,2.0,rural,fair,0,0,341692.08198526426
1811,4,2,22.0,1.0,suburban,poor,0,1,308917.0976960257
3691,1,2,1.0,0.0,suburban,good,0,0,634857.6598253597
3038,5,1,21.0,0.0,urban,excellent,0,0,879559.812195316
4483,3,1,36.0,0.0,suburban,poor,0,1,565647.9532516836
664,2,2,7.0,1.0,urban,good,0,1,145672.60301087052
4777,3,3,6.0,2.0,rural,excellent,1,1,814966.687034601
1322,2,3,13.0,0.0,rural,good,0,0,195196.6993215538
1443,3,1,2.0,2.0,suburban,poor,1,1,270145.46888211864
4925,2,3,49.0,2.0,rural,poor,0,1,530313.0995006327
1274,4,1,15.0,1.0,rural,poor,1,1,215786.77628026885
2698,2,3,18.0,0.0,suburban,fair,0,0,449039.5675205647
3656,2,2,17.0,2.0,urban,good,1,0,851174.7274969334
4742,1,1,15.0,0.0,suburban,fair,0,1,699079.091653399
4195,2,1,7.0,0.0,urban,poor,0,0,698339.0346388901
3952,1,2,32.0,1.0,suburban,excellent,0,1,784482.2150230526
1414,5,1,48.0,0.0,suburban,good,0,1,295296.32471329893
1808,1,3,11.0,0.0,rural,fair,0,0,232464.644241939
4677,4,3,10.0,2.0,suburban,good,0,0,883284.3353129328
1013,1,1,4.0,1.0,suburban,excellent,0,0,182157.19799539587
2420,5,3,26.0,0.0,urban,fair,1,1,555217.5014418702
4094,4,1,11.0,2.0,rural,poor,0,0,447874.8371784842
1909,3,2,16.0,1.0,urban,fair,0,1,452244.2894350755
3690,3,1,5.0,1.0,urban,good,1,1,908750.4589970205
4991,1,2,32.0,2.0,rural,good,0,1,661534.4343863323
2055,1,3,4.0,2.0,rural,good,0,0,286866.48841185105
1304,5,2,27.0,2.0,rural,good,0,0,261900.33351492012
1779,5,3,13.0,,suburban,poor,1,1,370399.01038740715
4077,2,1,4.0,2.0,rural,fair,1,1,483331.8529574049
3401,5,3,32.0,0.0,rural,poor,1,1,405782.9606335207
1887,2,1,49.0,0.0,rural,poor,0,0,157341.2768509383
3261,4,1,47.0,1.0,urban,poor,1,0,572738.8857579357
3179,1,2,40.0,0.0,urban,good,0,1,630195.4518484508
2606,4,2,18.0,0.0,suburban,good,0,0,476177.94094725954
4723,5,2,21.0,0.0,urban,good,0,1,1035391.3767927153
3268,4,2,4.0,2.0,suburban,fair,0,1,517169.0429795873
